-- phpMyAdmin SQL Dump
-- version 5.2.1
-- https://www.phpmyadmin.net/
--
-- Host: 127.0.0.1
-- 생성 시간: 23-05-07 10:31
-- 서버 버전: 10.4.28-MariaDB
-- PHP 버전: 8.2.4

SET SQL_MODE = "NO_AUTO_VALUE_ON_ZERO";
START TRANSACTION;
SET time_zone = "+00:00";


/*!40101 SET @OLD_CHARACTER_SET_CLIENT=@@CHARACTER_SET_CLIENT */;
/*!40101 SET @OLD_CHARACTER_SET_RESULTS=@@CHARACTER_SET_RESULTS */;
/*!40101 SET @OLD_COLLATION_CONNECTION=@@COLLATION_CONNECTION */;
/*!40101 SET NAMES utf8mb4 */;

--
-- 데이터베이스: `ez`
--

-- --------------------------------------------------------

--
-- 테이블 구조 `class`
--

CREATE TABLE `class` (
  `class_id` int(11) NOT NULL,
  `class_name` varchar(255) NOT NULL
) ENGINE=InnoDB DEFAULT CHARSET=utf8mb4 COLLATE=utf8mb4_general_ci;

--
-- 테이블의 덤프 데이터 `class`
--

INSERT INTO `class` (`class_id`, `class_name`) VALUES
(1, '資訊四甲'),
(2, '資訊四乙'),
(3, '資訊四丙'),
(4, '資訊四丁'),
(5, '資訊三甲'),
(6, '資訊三乙'),
(7, '資訊三丙'),
(8, '資訊三丁'),
(9, '資訊二甲'),
(10, '資訊二乙'),
(11, '資訊二丙'),
(12, '資訊二丁'),
(13, '資訊一甲'),
(14, '資訊一乙'),
(15, '資訊一丙');

-- --------------------------------------------------------

--
-- 테이블 구조 `course`
--

CREATE TABLE `course` (
  `course_id` int(11) NOT NULL,
  `section_id` int(11) NOT NULL,
  `course_name` varchar(255) NOT NULL,
  `credits` int(11) NOT NULL,
  `require_elective` varchar(255) NOT NULL,
  `department` varchar(255) NOT NULL,
  `class_id` int(11) NOT NULL,
  `amount_now` int(11) NOT NULL,
  `amount_limit` int(11) NOT NULL
) ENGINE=InnoDB DEFAULT CHARSET=utf8mb4 COLLATE=utf8mb4_general_ci;

--
-- 테이블의 덤프 데이터 `course`
--

INSERT INTO `course` (`course_id`, `section_id`, `course_name`, `credits`, `require_elective`, `department`, `class_id`, `amount_now`, `amount_limit`) VALUES
(1, 1209, '班級活動', 0, '必修', 'IECS', 13, 0, 60),
(2, 1210, '體育(二)', 1, '必修', 'IECS', 13, 0, 60),
(3, 1211, '程式設計', 2, '必修', 'IECS', 13, 0, 60),
(4, 1212, '程式設計實習', 2, '必修', 'IECS', 13, 0, 60),
(5, 1213, '普通物理-電、磁、光實驗', 1, '必修', 'IECS', 13, 0, 60),
(6, 1214, '微積分(二)實習', 0, '必修', 'IECS', 13, 0, 60),
(7, 1215, '微積分(二)', 3, '必修', 'IECS', 13, 0, 60),
(8, 1216, '線性代數', 3, '必修', 'IECS', 13, 0, 60),
(9, 1217, '邏輯設計', 3, '必修', 'IECS', 13, 0, 60),
(10, 1218, '邏輯設計實習', 1, '必修', 'IECS', 13, 0, 60),
(11, 1219, '班級活動', 0, '必修', 'IECS', 14, 0, 60),
(12, 1220, '體育(二)', 1, '必修', 'IECS', 14, 0, 60),
(13, 1221, '程式設計', 2, '必修', 'IECS', 14, 0, 60),
(14, 1222, '程式設計實習', 2, '必修', 'IECS', 14, 0, 60),
(15, 1223, '普通物理-電、磁、光實驗', 1, '必修', 'IECS', 14, 0, 60),
(16, 1224, '微積分(二)實習', 0, '必修', 'IECS', 14, 0, 60),
(17, 1225, '微積分(二)', 3, '必修', 'IECS', 14, 0, 60),
(18, 1226, '線性代數', 3, '必修', 'IECS', 14, 0, 60),
(19, 1227, '邏輯設計', 3, '必修', 'IECS', 14, 0, 60),
(20, 1228, '邏輯設計實習', 1, '必修', 'IECS', 14, 0, 60),
(21, 1229, '班級活動', 0, '必修', 'IECS', 15, 0, 60),
(22, 1230, '體育(二)', 1, '必修', 'IECS', 15, 0, 60),
(23, 1231, '程式設計', 2, '必修', 'IECS', 15, 0, 60),
(24, 1232, '程式設計實習', 2, '必修', 'IECS', 15, 0, 60),
(25, 1233, '普通物理-電、磁、光實驗', 1, '必修', 'IECS', 15, 0, 60),
(26, 1234, '微積分(二)實習', 0, '必修', 'IECS', 15, 0, 60),
(27, 1235, '微積分(二)', 3, '必修', 'IECS', 15, 0, 60),
(28, 1236, '線性代數', 3, '必修', 'IECS', 15, 0, 60),
(29, 1237, '邏輯設計', 3, '必修', 'IECS', 15, 0, 60),
(30, 1238, '邏輯設計實習', 1, '必修', 'IECS', 15, 0, 60),
(31, 1239, '班級活動', 0, '必修', 'IECS', 9, 0, 60),
(32, 1240, '系統程式', 3, '必修', 'IECS', 9, 0, 60),
(33, 1241, '資料庫系統', 3, '必修', 'IECS', 9, 0, 60),
(34, 1242, '機率與統計', 3, '必修', 'IECS', 9, 0, 60),
(35, 1263, '互連網路', 3, '選修', 'IECS', 9, 0, 60),
(36, 1264, '多媒體系統', 3, '選修', 'IECS', 9, 0, 60),
(37, 1265, '組合數學', 3, '選修', 'IECS', 9, 0, 60),
(38, 1267, '數位系統設計', 3, '選修', 'IECS', 9, 0, 60),
(39, 1268, '數位系統設計實驗', 1, '選修', 'IECS', 9, 0, 60),
(40, 1269, 'UNIX應用與實務', 2, '選修', 'IECS', 9, 0, 60),
(41, 3542, 'Web程式設計', 3, '選修', 'IECS', 9, 0, 60),
(42, 3544, '系統分析與設計', 3, '選修', 'IECS', 9, 0, 60),
(43, 3546, 'UNIX應用與實務', 2, '選修', 'IECS', 9, 0, 60),
(44, 3551, '電子商務安全', 3, '選修', 'IECS', 9, 0, 60),
(45, 3552, '電子商務安全', 3, '選修', 'IECS', 9, 0, 60),
(46, 1247, '班級活動', 0, '必修', 'IECS', 10, 0, 60),
(47, 1248, '系統程式', 3, '必修', 'IECS', 10, 0, 60),
(48, 1249, '資料庫系統', 3, '必修', 'IECS', 10, 0, 60),
(49, 1250, '機率與統計', 3, '必修', 'IECS', 10, 0, 60),
(50, 1263, '互連網路', 3, '選修', 'IECS', 10, 0, 60),
(51, 1264, '多媒體系統', 3, '選修', 'IECS', 10, 0, 60),
(52, 1265, '組合數學', 3, '選修', 'IECS', 10, 0, 60),
(53, 1267, '數位系統設計', 3, '選修', 'IECS', 10, 0, 60),
(54, 1268, '數位系統設計實驗', 1, '選修', 'IECS', 10, 0, 60),
(55, 1269, 'UNIX應用與實務', 2, '選修', 'IECS', 10, 0, 60),
(56, 3542, 'Web程式設計', 3, '選修', 'IECS', 10, 0, 60),
(57, 3544, '系統分析與設計', 3, '選修', 'IECS', 10, 0, 60),
(58, 3546, 'UNIX應用與實務', 2, '選修', 'IECS', 10, 0, 60),
(59, 3551, '電子商務安全', 3, '選修', 'IECS', 10, 0, 60),
(60, 3552, '電子商務安全', 3, '選修', 'IECS', 10, 0, 60),
(61, 1251, '班級活動', 0, '必修', 'IECS', 11, 0, 60),
(62, 1252, '系統程式', 3, '必修', 'IECS', 11, 0, 60),
(63, 1253, '資料庫系統', 3, '必修', 'IECS', 11, 0, 60),
(64, 1254, '機率與統計', 3, '必修', 'IECS', 11, 0, 60),
(65, 1263, '互連網路', 3, '選修', 'IECS', 11, 0, 60),
(66, 1264, '多媒體系統', 3, '選修', 'IECS', 11, 0, 60),
(67, 1265, '組合數學', 3, '選修', 'IECS', 11, 0, 60),
(68, 1267, '數位系統設計', 3, '選修', 'IECS', 11, 0, 60),
(69, 1268, '數位系統設計實驗', 1, '選修', 'IECS', 11, 0, 60),
(70, 1269, 'UNIX應用與實務', 2, '選修', 'IECS', 11, 0, 60),
(71, 3543, 'Web程式設計', 3, '選修', 'IECS', 11, 0, 60),
(72, 3545, '系統分析與設計', 3, '選修', 'IECS', 11, 0, 60),
(73, 3547, 'UNIX應用與實務', 2, '選修', 'IECS', 11, 0, 60),
(74, 3551, '電子商務安全', 3, '選修', 'IECS', 11, 0, 60),
(75, 3552, '電子商務安全', 3, '選修', 'IECS', 11, 0, 60),
(76, 1259, '班級活動', 0, '必修', 'IECS', 12, 0, 60),
(77, 1260, '系統程式', 3, '必修', 'IECS', 12, 0, 60),
(78, 1261, '資料庫系統', 3, '必修', 'IECS', 12, 0, 60),
(79, 1262, '機率與統計', 3, '必修', 'IECS', 12, 0, 60),
(80, 1263, '互連網路', 3, '選修', 'IECS', 12, 0, 60),
(81, 1264, '多媒體系統', 3, '選修', 'IECS', 12, 0, 60),
(82, 1265, '組合數學', 3, '選修', 'IECS', 12, 0, 60),
(83, 1267, '數位系統設計', 3, '選修', 'IECS', 12, 0, 60),
(84, 1268, '數位系統設計實驗', 1, '選修', 'IECS', 12, 0, 60),
(85, 1269, 'UNIX應用與實務', 2, '選修', 'IECS', 12, 0, 60),
(86, 3543, 'Web程式設計', 3, '選修', 'IECS', 12, 0, 60),
(87, 3545, '系統分析與設計', 3, '選修', 'IECS', 12, 0, 60),
(88, 3547, 'UNIX應用與實務', 2, '選修', 'IECS', 12, 0, 60),
(89, 3551, '電子商務安全', 3, '選修', 'IECS', 12, 0, 60),
(90, 3552, '電子商務安全', 3, '選修', 'IECS', 12, 0, 60),
(91, 1270, '計算機結構學', 3, '必修', 'IECS', 5, 0, 60),
(92, 1271, '計算機演算法', 3, '必修', 'IECS', 5, 0, 60),
(93, 1272, '專題研究(一)', 2, '必修', 'IECS', 5, 0, 60),
(94, 1289, '人工智慧導論', 3, '選修', 'IECS', 5, 0, 60),
(95, 1290, '安全程式設計', 3, '選修', 'IECS', 5, 0, 60),
(96, 1291, '作業系統(二)', 3, '選修', 'IECS', 5, 0, 60),
(97, 1293, '電腦視覺與擴增實境', 3, '選修', 'IECS', 5, 0, 60),
(98, 1294, '資訊實務案例探討', 2, '選修', 'IECS', 5, 0, 60),
(99, 1295, '微處理機介面設計', 3, '選修', 'IECS', 5, 0, 60),
(100, 3548, '人工智慧導論', 3, '選修', 'IECS', 5, 0, 60),
(101, 3550, '資訊安全管理', 3, '選修', 'IECS', 5, 0, 60),
(102, 3553, '行動應用程式開發', 3, '選修', 'IECS', 5, 0, 60),
(103, 3555, '軟體框架設計', 3, '選修', 'IECS', 5, 0, 60),
(104, 3556, '軟體框架設計', 3, '選修', 'IECS', 5, 0, 60),
(105, 3637, '嵌入式系統', 3, '選修', 'IECS', 5, 0, 60),
(106, 3638, '雲端應用系統開發', 3, '選修', 'IECS', 5, 0, 60),
(107, 1276, '計算機結構學', 3, '必修', 'IECS', 6, 0, 60),
(108, 1277, '計算機演算法', 3, '必修', 'IECS', 6, 0, 60),
(109, 1278, '專題研究(一)', 2, '必修', 'IECS', 6, 0, 60),
(110, 1289, '人工智慧導論', 3, '選修', 'IECS', 6, 0, 60),
(111, 1290, '安全程式設計', 3, '選修', 'IECS', 6, 0, 60),
(112, 1291, '作業系統(二)', 3, '選修', 'IECS', 6, 0, 60),
(113, 1293, '電腦視覺與擴增實境', 3, '選修', 'IECS', 6, 0, 60),
(114, 1294, '資訊實務案例探討', 2, '選修', 'IECS', 6, 0, 60),
(115, 1295, '微處理機介面設計', 3, '選修', 'IECS', 6, 0, 60),
(116, 3548, '人工智慧導論', 3, '選修', 'IECS', 6, 0, 60),
(117, 3550, '資訊安全管理', 3, '選修', 'IECS', 6, 0, 60),
(118, 3553, '行動應用程式開發', 3, '選修', 'IECS', 6, 0, 60),
(119, 3555, '軟體框架設計', 3, '選修', 'IECS', 6, 0, 60),
(120, 3556, '軟體框架設計', 3, '選修', 'IECS', 6, 0, 60),
(121, 3637, '嵌入式系統', 3, '選修', 'IECS', 6, 0, 60),
(122, 3638, '雲端應用系統開發', 3, '選修', 'IECS', 6, 0, 60),
(123, 1279, '計算機結構學', 3, '必修', 'IECS', 7, 0, 60),
(124, 1280, '計算機演算法', 3, '必修', 'IECS', 7, 0, 60),
(125, 1281, '專題研究(一)', 2, '必修', 'IECS', 7, 0, 60),
(126, 1289, '人工智慧導論', 3, '選修', 'IECS', 7, 0, 60),
(127, 1290, '安全程式設計', 3, '選修', 'IECS', 7, 0, 60),
(128, 1291, '作業系統(二)', 3, '選修', 'IECS', 7, 0, 60),
(129, 1293, '電腦視覺與擴增實境', 3, '選修', 'IECS', 7, 0, 60),
(130, 1294, '資訊實務案例探討', 2, '選修', 'IECS', 7, 0, 60),
(131, 1295, '微處理機介面設計', 3, '選修', 'IECS', 7, 0, 60),
(132, 3549, '人工智慧導論', 3, '選修', 'IECS', 7, 0, 60),
(133, 3550, '資訊安全管理', 3, '選修', 'IECS', 7, 0, 60),
(134, 3554, '行動應用程式開發', 3, '選修', 'IECS', 7, 0, 60),
(135, 3555, '軟體框架設計', 3, '選修', 'IECS', 7, 0, 60),
(136, 3556, '軟體框架設計', 3, '選修', 'IECS', 7, 0, 60),
(137, 3637, '嵌入式系統', 3, '選修', 'IECS', 7, 0, 60),
(138, 3638, '雲端應用系統開發', 3, '選修', 'IECS', 7, 0, 60),
(139, 1286, '計算機結構學', 3, '必修', 'IECS', 8, 0, 60),
(140, 1287, '計算機演算法', 3, '必修', 'IECS', 8, 0, 60),
(141, 1288, '專題研究(一)', 2, '必修', 'IECS', 8, 0, 60),
(142, 1289, '人工智慧導論', 3, '選修', 'IECS', 8, 0, 60),
(143, 1290, '安全程式設計', 3, '選修', 'IECS', 8, 0, 60),
(144, 1291, '作業系統(二)', 3, '選修', 'IECS', 8, 0, 60),
(145, 1293, '電腦視覺與擴增實境', 3, '選修', 'IECS', 8, 0, 60),
(146, 1294, '資訊實務案例探討', 2, '選修', 'IECS', 8, 0, 60),
(147, 1295, '微處理機介面設計', 3, '選修', 'IECS', 8, 0, 60),
(148, 3549, '人工智慧導論', 3, '選修', 'IECS', 8, 0, 60),
(149, 3550, '資訊安全管理', 3, '選修', 'IECS', 8, 0, 60),
(150, 3554, '行動應用程式開發', 3, '選修', 'IECS', 8, 0, 60),
(151, 3555, '軟體框架設計', 3, '選修', 'IECS', 8, 0, 60),
(152, 3556, '軟體框架設計', 3, '選修', 'IECS', 8, 0, 60),
(153, 3637, '嵌入式系統', 3, '選修', 'IECS', 8, 0, 60),
(154, 3638, '雲端應用系統開發', 3, '選修', 'IECS', 8, 0, 60),
(155, 1296, '程式設計與問題解決', 2, '選修', 'IECS', 1, 0, 60),
(156, 1298, '校外專業實習(三)', 3, '選修', 'IECS', 1, 0, 60),
(157, 1300, '校外專業實習(一)', 3, '選修', 'IECS', 1, 0, 60),
(158, 1301, '校外專業實習(二)', 3, '選修', 'IECS', 1, 0, 60),
(159, 3557, '程式設計與問題解決', 2, '選修', 'IECS', 1, 0, 60),
(160, 1296, '程式設計與問題解決', 2, '選修', 'IECS', 2, 0, 60),
(161, 1298, '校外專業實習(三)', 3, '選修', 'IECS', 2, 0, 60),
(162, 1300, '校外專業實習(一)', 3, '選修', 'IECS', 2, 0, 60),
(163, 1301, '校外專業實習(二)', 3, '選修', 'IECS', 2, 0, 60),
(164, 3557, '程式設計與問題解決', 2, '選修', 'IECS', 2, 0, 60),
(165, 1296, '程式設計與問題解決', 2, '選修', 'IECS', 3, 0, 60),
(166, 1298, '校外專業實習(三)', 3, '選修', 'IECS', 3, 0, 60),
(167, 1300, '校外專業實習(一)', 3, '選修', 'IECS', 3, 0, 60),
(168, 1301, '校外專業實習(二)', 3, '選修', 'IECS', 3, 0, 60),
(169, 3557, '程式設計與問題解決', 2, '選修', 'IECS', 3, 0, 60),
(170, 1296, '程式設計與問題解決', 2, '選修', 'IECS', 4, 0, 60),
(171, 1298, '校外專業實習(三)', 3, '選修', 'IECS', 4, 0, 60),
(172, 1300, '校外專業實習(一)', 3, '選修', 'IECS', 4, 0, 60),
(173, 1301, '校外專業實習(二)', 3, '選修', 'IECS', 4, 0, 60),
(174, 3557, '程式設計與問題解決', 2, '選修', 'IECS', 4, 0, 60);

-- --------------------------------------------------------

--
-- 테이블 구조 `register`
--

CREATE TABLE `register` (
  `student_id` int(11) NOT NULL,
  `course_id` int(11) NOT NULL
) ENGINE=InnoDB DEFAULT CHARSET=utf8mb4 COLLATE=utf8mb4_general_ci;

--
-- 테이블의 덤프 데이터 `register`
--

INSERT INTO `register` (`student_id`, `course_id`) VALUES
(253, 61),
(253, 62),
(253, 63),
(253, 64),
(269, 44),
(269, 61),
(269, 62),
(269, 63),
(269, 64);

-- --------------------------------------------------------

--
-- 테이블 구조 `student`
--

CREATE TABLE `student` (
  `student_id` int(11) NOT NULL,
  `account_id` varchar(255) NOT NULL,
  `student_name` varchar(255) NOT NULL,
  `class_id` int(11) NOT NULL
) ENGINE=InnoDB DEFAULT CHARSET=utf8mb4 COLLATE=utf8mb4_general_ci;

--
-- 테이블의 덤프 데이터 `student`
--

INSERT INTO `student` (`student_id`, `account_id`, `student_name`, `class_id`) VALUES
(1, 'D08000', '許世明', 1),
(2, 'D08001', '謝惠娟', 1),
(3, 'D08002', '林采宜', 1),
(4, 'D08003', '鄭秀雯', 1),
(5, 'D08004', '鍾千惠', 1),
(6, 'D08005', '陳宇翔', 1),
(7, 'D08006', '郭育芬', 1),
(8, 'D08007', '王慧珊', 1),
(9, 'D08008', '李明儒', 1),
(10, 'D08009', '張淑玲', 1),
(11, 'D08010', '柯志偉', 1),
(12, 'D08011', '梁怡君', 1),
(13, 'D08012', '吳岳鵬', 1),
(14, 'D08013', '賴佩真', 1),
(15, 'D08014', '楊雅琳', 1),
(16, 'D08015', '蔡育佳', 1),
(17, 'D08016', '余文娟', 1),
(18, 'D08017', '葉靖瑩', 1),
(19, 'D08018', '陳宜蓁', 1),
(20, 'D08019', '林冠宇', 1),
(21, 'D08020', '洪偉倫', 1),
(22, 'D08021', '沈建宏', 1),
(23, 'D08022', '詹芷君', 1),
(24, 'D08023', '陳韻如', 1),
(25, 'D08024', '張智傑', 1),
(26, 'D08025', '簡書盈', 2),
(27, 'D08026', '許文華', 2),
(28, 'D08027', '王佳慧', 2),
(29, 'D08028', '林翔榮', 2),
(30, 'D08029', '陳琳宏', 2),
(31, 'D08030', '李怡芬', 2),
(32, 'D08031', '洪嘉偉', 2),
(33, 'D08032', '陳怡靜', 2),
(34, 'D08033', '王子安', 2),
(35, 'D08034', '邱淑芬', 2),
(36, 'D08035', '謝欣穎', 2),
(37, 'D08036', '劉家慧', 2),
(38, 'D08037', '許俊緯', 2),
(39, 'D08038', '李孟軒', 2),
(40, 'D08039', '陳淑芬', 2),
(41, 'D08040', '楊承翰', 2),
(42, 'D08041', '陳冠廷', 2),
(43, 'D08042', '王宜芳', 2),
(44, 'D08043', '吳建民', 2),
(45, 'D08044', '李靜宜', 2),
(46, 'D08045', '黃美玲', 2),
(47, 'D08046', '林宛瑩', 2),
(48, 'D08047', '蕭慧君', 2),
(49, 'D08048', '王欣怡', 2),
(50, 'D08049', '李政宏', 2),
(51, 'D08050', '郭雨蓁', 3),
(52, 'D08051', '陳怡萱', 3),
(53, 'D08052', '林玟君', 3),
(54, 'D08053', '賴依婷', 3),
(55, 'D08054', '王建宏', 3),
(56, 'D08055', '張惠雯', 3),
(57, 'D08056', '林哲瑋', 3),
(58, 'D08057', '王婷婷', 3),
(59, 'D08058', '陳信宏', 3),
(60, 'D08059', '楊惠婷', 3),
(61, 'D08060', '林筱涵', 3),
(62, 'D08061', '許惠如', 3),
(63, 'D08062', '陳怡婷', 3),
(64, 'D08063', '吳姿瑩', 3),
(65, 'D08064', '黃怡芳', 3),
(66, 'D08065', '許彥廷', 3),
(67, 'D08066', '劉秉勳', 3),
(68, 'D08067', '蔡佳穎', 3),
(69, 'D08068', '林宜蓁', 3),
(70, 'D08069', '王嘉雯', 3),
(71, 'D08070', '許榮發', 3),
(72, 'D08071', '陳瑋婷', 3),
(73, 'D08072', '洪美玲', 3),
(74, 'D08073', '邱雅文', 3),
(75, 'D08074', '蔡明倫', 3),
(76, 'D08075', '李怡如', 4),
(77, 'D08076', '鄭雅雯', 4),
(78, 'D08077', '林育瑄', 4),
(79, 'D08078', '鍾佳慧', 4),
(80, 'D08079', '林佳琳', 4),
(81, 'D08080', '王佳玲', 4),
(82, 'D08081', '陳建霖', 4),
(83, 'D08082', '蔡孟君', 4),
(84, 'D08083', '陳冠妤', 4),
(85, 'D08084', '謝靜怡', 4),
(86, 'D08085', '王姿穎', 4),
(87, 'D08086', '林妙君', 4),
(88, 'D08087', '蕭佳蓉', 4),
(89, 'D08088', '李欣怡', 4),
(90, 'D08089', '王采涵', 4),
(91, 'D08090', '林珮瑜', 4),
(92, 'D08091', '蕭雅婷', 4),
(93, 'D08092', '葉欣怡', 4),
(94, 'D08093', '林筠婕', 4),
(95, 'D08094', '吳思妤', 4),
(96, 'D08095', '許雅婷', 4),
(97, 'D08096', '李佳穎', 4),
(98, 'D08097', '張雅雯', 4),
(99, 'D08098', '蔡惠如', 4),
(100, 'D08099', '高士軒', 4),
(101, 'D08100', '黃筱涵', 5),
(102, 'D09000', '陳冠霖', 5),
(103, 'D09001', '林育豪', 5),
(104, 'D09002', '黃柏瑋', 5),
(105, 'D09003', '謝明哲', 5),
(106, 'D09004', '吳宗儒', 5),
(107, 'D09005', '陳昱瑋', 5),
(108, 'D09006', '陳怡君', 5),
(109, 'D09007', '黃珮婷', 5),
(110, 'D09008', '江怡君', 5),
(111, 'D09009', '許雅筑', 5),
(112, 'D09010', '林欣儒', 5),
(113, 'D09011', '蕭慶揚', 5),
(114, 'D09012', '張雅婷', 5),
(115, 'D09013', '謝淑君', 5),
(116, 'D09014', '林宜瑄', 5),
(117, 'D09015', '洪嘉銘', 5),
(118, 'D09016', '王俊傑', 5),
(119, 'D09017', '洪振銘', 5),
(120, 'D09018', '林政佑', 5),
(121, 'D09019', '吳家銘', 5),
(122, 'D09020', '陳筱諺', 5),
(123, 'D09021', '蔡易霖', 5),
(124, 'D09022', '王昱嘉', 5),
(125, 'D09023', '林郁庭', 5),
(126, 'D09024', '陳紹宇', 6),
(127, 'D09025', '張峻豪', 6),
(128, 'D09026', '吳政緯', 6),
(129, 'D09027', '林于婷', 6),
(130, 'D09028', '林佳穎', 6),
(131, 'D09029', '黃俊翔', 6),
(132, 'D09030', '蔡婷婷', 6),
(133, 'D09031', '陳妍柔', 6),
(134, 'D09032', '林采薇', 6),
(135, 'D09033', '鄭佳穎', 6),
(136, 'D09034', '陳冠宇', 6),
(137, 'D09035', '鄭雅惠', 6),
(138, 'D09036', '林珮君', 6),
(139, 'D09037', '王嘉盈', 6),
(140, 'D09038', '蔡瑞珊', 6),
(141, 'D09039', '張佳蓉', 6),
(142, 'D09040', '李佳玲', 6),
(143, 'D09041', '林依蓉', 6),
(144, 'D09042', '林宛儒', 6),
(145, 'D09043', '楊雅琪', 6),
(146, 'D09044', '沈靜怡', 6),
(147, 'D09045', '蔡宜潔', 6),
(148, 'D09046', '吳建穎', 6),
(149, 'D09047', '李宜庭', 6),
(150, 'D09048', '陳雅琳', 6),
(151, 'D09049', '陳彥豪', 7),
(152, 'D09050', '林家豪', 7),
(153, 'D09051', '陳嘉琪', 7),
(154, 'D09052', '黃柏妤', 7),
(155, 'D09053', '洪玉梅', 7),
(156, 'D09054', '林亭儀', 7),
(157, 'D09055', '楊承儒', 7),
(158, 'D09056', '蔡怡如', 7),
(159, 'D09057', '陳鈺婷', 7),
(160, 'D09058', '林冠廷', 7),
(161, 'D09059', '林哲宇', 7),
(162, 'D09060', '林冠妤', 7),
(163, 'D09061', '張翔宇', 7),
(164, 'D09062', '林姿穎', 7),
(165, 'D09063', '蕭筠', 7),
(166, 'D09064', '陳婉如', 7),
(167, 'D09065', '林宜君', 7),
(168, 'D09066', '莊雅婷', 7),
(169, 'D09067', '許佳慧', 7),
(170, 'D09068', '鄭佳慧', 7),
(171, 'D09069', '陳思妤', 7),
(172, 'D09070', '林靜怡', 7),
(173, 'D09071', '吳佳穎', 7),
(174, 'D09072', '陳姿伶', 7),
(175, 'D09073', '陳淑娟', 7),
(176, 'D09074', '楊家瑄', 8),
(177, 'D09075', '陳美惠', 8),
(178, 'D09076', '林宜潔', 8),
(179, 'D09077', '黃心怡', 8),
(180, 'D09078', '陳怡如', 8),
(181, 'D09079', '陳怡潔', 8),
(182, 'D09080', '蘇怡君', 8),
(183, 'D09081', '林淑娟', 8),
(184, 'D09082', '洪佳慧', 8),
(185, 'D09083', '李怡婷', 8),
(186, 'D09084', '吳怡君', 8),
(187, 'D09085', '陳筱涵', 8),
(188, 'D09086', '李姿瑩', 8),
(189, 'D09087', '陳怡蓉', 8),
(190, 'D09088', '李雅婷', 8),
(191, 'D09089', '王雅雯', 8),
(192, 'D09090', '林淑芬', 8),
(193, 'D09091', '林怡君', 8),
(194, 'D09092', '陳佩珊', 8),
(195, 'D09093', '楊淑娟', 8),
(196, 'D09094', '陳彥伶', 8),
(197, 'D09095', '吳雅婷', 8),
(198, 'D09096', '郭美惠', 8),
(199, 'D09097', '蔡怡君', 8),
(200, 'D09098', '楊美惠', 8),
(201, 'D09099', '陳美娟', 9),
(202, 'D09100', '林美惠', 9),
(203, 'D10000', '陳雅涵', 9),
(204, 'D10001', '許淑娟', 9),
(205, 'D10002', '張惠婷', 9),
(206, 'D10003', '林怡伶', 9),
(207, 'D10004', '陳佳慧', 9),
(208, 'D10005', '許美惠', 9),
(209, 'D10006', '許淑君', 9),
(210, 'D10007', '林彥伶', 9),
(211, 'D10008', '陳宜君', 9),
(212, 'D10009', '張淑娟', 9),
(213, 'D10010', '謝淑娟', 9),
(214, 'D10011', '陳婉榕', 9),
(215, 'D10012', '陳品妍', 9),
(216, 'D10013', '陳淑珍', 9),
(217, 'D10014', '林怡如', 9),
(218, 'D10015', '林怡婷', 9),
(219, 'D10016', '許怡婷', 9),
(220, 'D10017', '林佳玲', 9),
(221, 'D10018', '林佳怡', 9),
(222, 'D10019', '陳婉玲', 9),
(223, 'D10020', '林筱婷', 9),
(224, 'D10021', '林怡靜', 9),
(225, 'D10022', '李佳蓉', 9),
(226, 'D10023', '蔡淑芬', 10),
(227, 'D10024', '林婉瑜', 10),
(228, 'D10025', '陳雅芳', 10),
(229, 'D10026', '謝佳穎', 10),
(230, 'D10027', '林怡娟', 10),
(231, 'D10028', '陳佳琳', 10),
(232, 'D10029', '李美惠', 10),
(233, 'D10030', '林淑惠', 10),
(234, 'D10031', '林怡芬', 10),
(235, 'D10032', '陳怡芬', 10),
(236, 'D10033', '陳美君', 10),
(237, 'D10034', '林佩珊', 10),
(238, 'D10035', '張淑', 10),
(239, 'D10036', '許哲維', 10),
(240, 'D10037', '蕭佳宜', 10),
(241, 'D10038', '賴佳蓉', 10),
(242, 'D10039', '楊慧婷', 10),
(243, 'D10040', '許淑芬', 10),
(244, 'D10041', '林佩瑤', 10),
(245, 'D10042', '陳美玲', 10),
(246, 'D10043', '鄭美惠', 10),
(247, 'D10044', '郭美娟', 10),
(248, 'D10045', '林玉華', 10),
(249, 'D10046', '林雅婷', 10),
(250, 'D10047', '邱美惠', 10),
(251, 'D10048', '張雅琪', 11),
(252, 'D10049', '鄭雅文', 11),
(253, 'D10050', '蔡美玲', 11),
(254, 'D10051', '李佩璇', 11),
(255, 'D10052', '許惠雯', 11),
(256, 'D10053', '林昱伶', 11),
(257, 'D10054', '林怡妏', 11),
(258, 'D10055', '鄭雅婷', 11),
(259, 'D10056', '謝靜婷', 11),
(260, 'D10057', '鄭佩瑤', 11),
(261, 'D10058', '許瑋婷', 11),
(262, 'D10059', '李雅雯', 11),
(263, 'D10060', '許瑞琪', 11),
(264, 'D10061', '許玉琪', 11),
(265, 'D10062', '陳美華', 11),
(266, 'D10063', '蘇美玲', 11),
(267, 'D10064', '林家瑜', 11),
(268, 'D10065', '林姿吟', 11),
(269, 'D10066', '吳美惠', 11),
(270, 'D10067', '陳玉華', 11),
(271, 'D10068', '許靜怡', 11),
(272, 'D10069', '林欣怡', 11),
(273, 'D10070', '陳惠玲', 11),
(274, 'D10071', '江美玲', 11),
(275, 'D10072', '柯淑娟', 11),
(276, 'D10073', '林雅惠', 12),
(277, 'D10074', '張雅芳', 12),
(278, 'D10075', '林佳慧', 12),
(279, 'D10076', '林宛蓉', 12),
(280, 'D10077', '黃佳琳', 12),
(281, 'D10078', '邱美玲', 12),
(282, 'D10079', '謝美惠', 12),
(283, 'D10080', '林惠婷', 12),
(284, 'D10081', '陳惠如', 12),
(285, 'D10082', '林佩玲', 12),
(286, 'D10083', '陳雅琪', 12),
(287, 'D10084', '林芷君', 12),
(288, 'D10085', '林郁婷', 12),
(289, 'D10086', '蔡佩璇', 12),
(290, 'D10087', '林怡菁', 12),
(291, 'D10088', '蘇美華', 12),
(292, 'D10089', '林怡萱', 12),
(293, 'D10090', '林鈺婷', 12),
(294, 'D10091', '許欣怡', 12),
(295, 'D10092', '陳靜婷', 12),
(296, 'D10093', '陳雅惠', 12),
(297, 'D10094', '蔡佳蓉', 12),
(298, 'D10095', '林怡雯', 12),
(299, 'D10096', '林詩婷', 12),
(300, 'D10097', '林怡潔', 12),
(301, 'D10098', '陳惠琴', 13),
(302, 'D10099', '林怡辰', 13),
(303, 'D10100', '江佳蓉', 13),
(304, 'D11000', '李慧珍', 13),
(305, 'D11001', '王佩珍', 13),
(306, 'D11002', '黃惠娟', 13),
(307, 'D11003', '林玉婷', 13),
(308, 'D11004', '吳佳燕', 13),
(309, 'D11005', '周惠婷', 13),
(310, 'D11006', '賴宜珊', 13),
(311, 'D11007', '陳姿瑩', 13),
(312, 'D11008', '黃品妍', 13),
(313, 'D11009', '陳昱婷', 13),
(314, 'D11010', '林建宇', 13),
(315, 'D11011', '王冠宇', 13),
(316, 'D11012', '林宏達', 13),
(317, 'D11013', '蔡明宏', 13),
(318, 'D11014', '鄭宏志', 13),
(319, 'D11015', '洪明宏', 13),
(320, 'D11016', '陳宏達', 13),
(321, 'D11017', '蔡建宏', 13),
(322, 'D11018', '張宏毅', 13),
(323, 'D11019', '陳宏偉', 13),
(324, 'D11020', '王宏儒', 13),
(325, 'D11021', '蔡淑娟', 13),
(326, 'D11022', '黃惠君', 13),
(327, 'D11023', '蔡佩君', 13),
(328, 'D11024', '江欣儒', 13),
(329, 'D11025', '黃郁婷', 13),
(330, 'D11026', '楊雅君', 13),
(331, 'D11027', '江欣怡', 13),
(332, 'D11028', '蔡雅婷', 13),
(333, 'D11029', '許惠君', 13),
(334, 'D11030', '王雅君', 14),
(335, 'D11031', '黃佳君', 14),
(336, 'D11032', '吳宜珊', 14),
(337, 'D11033', '鄭雅君', 14),
(338, 'D11034', '王雅蓉', 14),
(339, 'D11035', '陳玉如', 14),
(340, 'D11036', '黃雅惠', 14),
(341, 'D11037', '王美惠', 14),
(342, 'D11038', '吳淑惠', 14),
(343, 'D11039', '陳建宏', 14),
(344, 'D11040', '洪淑惠', 14),
(345, 'D11041', '許宜君', 14),
(346, 'D11042', '張惠娟', 14),
(347, 'D11043', '洪宜君', 14),
(348, 'D11044', '陳佩君', 14),
(349, 'D11045', '李宜君', 14),
(350, 'D11046', '王怡君', 14),
(351, 'D11047', '吳淑婷', 14),
(352, 'D11048', '林佩珍', 14),
(353, 'D11049', '蔡淑珍', 14),
(354, 'D11050', '許淑珍', 14),
(355, 'D11051', '王宜榕', 14),
(356, 'D11052', '黃佳榕', 14),
(357, 'D11053', '林宜榕', 14),
(358, 'D11054', '蔡淑榕', 14),
(359, 'D11055', '鄭雅榕', 14),
(360, 'D11056', '陳靜儒', 14),
(361, 'D11057', '王美娟', 14),
(362, 'D11058', '吳淑娟', 14),
(363, 'D11059', '黃怡婷', 14),
(364, 'D11060', '陳郁婷', 14),
(365, 'D11061', '張淑婷', 14),
(366, 'D11062', '江淑', 14),
(367, 'D11063', '陳秀娟', 15),
(368, 'D11064', '陳宜妏', 15),
(369, 'D11065', '陳亭妏', 15),
(370, 'D11066', '莊思妤', 15),
(371, 'D11067', '王鈺琪', 15),
(372, 'D11068', '郭怡婷', 15),
(373, 'D11069', '許婕伶', 15),
(374, 'D11070', '吳芷伶', 15),
(375, 'D11071', '許鈺婷', 15),
(376, 'D11072', '林佳蓉', 15),
(377, 'D11073', '陳柔伶', 15),
(378, 'D11074', '林欣妤', 15),
(379, 'D11075', '黃于真', 15),
(380, 'D11076', '陳昱伶', 15),
(381, 'D11077', '吳姿妤', 15),
(382, 'D11078', '許郁婷', 15),
(383, 'D11079', '林妤婕', 15),
(384, 'D11080', '陳姿吟', 15),
(385, 'D11081', '林盈儒', 15),
(386, 'D11082', '林姿妤', 15),
(387, 'D11083', '王怡婷', 15),
(388, 'D11084', '鄭雅筑', 15),
(389, 'D11085', '吳宜蓁', 15),
(390, 'D11086', '林詩涵', 15),
(391, 'D11087', '許彥伶', 15),
(392, 'D11088', '鄭佳蓉', 15),
(393, 'D11089', '許筱涵', 15),
(394, 'D11090', '莊昕妤', 15),
(395, 'D11091', '林佳瑋', 15),
(396, 'D11092', '王姿妤', 15),
(397, 'D11093', '林琬婷', 15),
(398, 'D11094', '陳思穎', 15),
(399, 'D11095', '鄭婕瑄', 15),
(400, 'D11096', '陳俊妤', 15),
(401, 'D11097', '黃品妤', 15),
(402, 'D11098', '王心怡', 15),
(403, 'D11099', '林家玲', 15),
(404, 'D11100', '鄭雅婕', 15);

-- --------------------------------------------------------

--
-- 테이블 구조 `time_table`
--

CREATE TABLE `time_table` (
  `time_id` int(11) NOT NULL,
  `course_id` int(11) NOT NULL,
  `section_id` int(11) NOT NULL,
  `time_date` varchar(255) NOT NULL,
  `time_start` int(11) NOT NULL,
  `time_end` int(11) NOT NULL
) ENGINE=InnoDB DEFAULT CHARSET=utf8mb4 COLLATE=utf8mb4_general_ci;

--
-- 테이블의 덤프 데이터 `time_table`
--

INSERT INTO `time_table` (`time_id`, `course_id`, `section_id`, `time_date`, `time_start`, `time_end`) VALUES
(1, 1, 1209, '一', 4, 4),
(2, 2, 1210, '四', 8, 9),
(3, 3, 1211, '四', 3, 4),
(4, 3, 1211, '五', 1, 4),
(5, 4, 1212, '四', 3, 4),
(6, 4, 1212, '五', 1, 4),
(7, 5, 1213, '三', 2, 4),
(8, 6, 1214, '二', 8, 9),
(9, 7, 1215, '一', 3, 3),
(10, 7, 1215, '三', 6, 7),
(11, 8, 1216, '一', 10, 10),
(12, 8, 1216, '三', 8, 9),
(13, 9, 1217, '一', 6, 7),
(14, 9, 1217, '二', 1, 1),
(15, 10, 1218, '二', 2, 4),
(16, 11, 1219, '一', 7, 7),
(17, 12, 1220, '二', 8, 9),
(18, 13, 1221, '三', 6, 7),
(19, 13, 1221, '四', 1, 4),
(20, 14, 1222, '三', 6, 7),
(21, 14, 1222, '四', 1, 4),
(22, 15, 1223, '三', 2, 4),
(23, 16, 1224, '二', 3, 4),
(24, 17, 1225, '一', 3, 4),
(25, 17, 1225, '三', 1, 1),
(26, 18, 1226, '一', 2, 2),
(27, 18, 1226, '五', 3, 4),
(28, 19, 1227, '一', 6, 6),
(29, 19, 1227, '五', 1, 2),
(30, 20, 1228, '一', 11, 13),
(31, 21, 1229, '四', 10, 10),
(32, 22, 1230, '一', 6, 7),
(33, 23, 1231, '二', 1, 4),
(34, 23, 1231, '四', 8, 9),
(35, 24, 1232, '二', 1, 4),
(36, 24, 1232, '四', 8, 9),
(37, 25, 1233, '二', 8, 10),
(38, 26, 1234, '一', 8, 9),
(39, 27, 1235, '一', 3, 4),
(40, 27, 1235, '四', 6, 6),
(41, 28, 1236, '三', 6, 7),
(42, 28, 1236, '四', 7, 7),
(43, 29, 1237, '三', 8, 9),
(44, 29, 1237, '四', 1, 1),
(45, 30, 1238, '四', 2, 4),
(46, 31, 1239, '四', 10, 10),
(47, 32, 1240, '一', 6, 7),
(48, 32, 1240, '二', 3, 3),
(49, 33, 1241, '二', 4, 4),
(50, 33, 1241, '四', 3, 4),
(51, 34, 1242, '一', 8, 8),
(52, 34, 1242, '四', 8, 9),
(53, 35, 1263, '三', 6, 8),
(54, 36, 1264, '二', 6, 8),
(55, 37, 1265, '二', 9, 10),
(56, 37, 1265, '三', 8, 8),
(57, 38, 1267, '二', 6, 7),
(58, 38, 1267, '三', 2, 2),
(59, 39, 1268, '三', 3, 4),
(60, 40, 1269, '三', 9, 10),
(61, 41, 3542, '三', 2, 2),
(62, 41, 3542, '四', 6, 7),
(63, 42, 3544, '一', 3, 4),
(64, 42, 3544, '四', 2, 2),
(65, 43, 3546, '三', 3, 4),
(66, 44, 3551, '一', 11, 13),
(67, 45, 3552, '三', 11, 13),
(68, 46, 1247, '四', 10, 10),
(69, 47, 1248, '一', 6, 7),
(70, 47, 1248, '二', 3, 3),
(71, 48, 1249, '二', 4, 4),
(72, 48, 1249, '四', 8, 9),
(73, 49, 1250, '一', 8, 8),
(74, 49, 1250, '四', 3, 4),
(75, 50, 1263, '三', 6, 8),
(76, 51, 1264, '二', 6, 8),
(77, 52, 1265, '二', 9, 10),
(78, 52, 1265, '三', 8, 8),
(79, 53, 1267, '二', 6, 7),
(80, 53, 1267, '三', 2, 2),
(81, 54, 1268, '三', 3, 4),
(82, 55, 1269, '三', 9, 10),
(83, 56, 3542, '三', 2, 2),
(84, 56, 3542, '四', 6, 7),
(85, 57, 3544, '一', 3, 4),
(86, 57, 3544, '四', 2, 2),
(87, 58, 3546, '三', 3, 4),
(88, 59, 3551, '一', 11, 13),
(89, 60, 3552, '三', 11, 13),
(90, 61, 1251, '四', 6, 6),
(91, 62, 1252, '一', 3, 4),
(92, 62, 1252, '二', 4, 4),
(93, 63, 1253, '一', 8, 8),
(94, 63, 1253, '四', 7, 8),
(95, 64, 1254, '一', 6, 7),
(96, 64, 1254, '二', 3, 3),
(97, 65, 1263, '三', 6, 8),
(98, 66, 1264, '二', 6, 8),
(99, 67, 1265, '二', 9, 10),
(100, 67, 1265, '三', 8, 8),
(101, 68, 1267, '二', 6, 7),
(102, 68, 1267, '三', 2, 2),
(103, 69, 1268, '三', 3, 4),
(104, 70, 1269, '三', 9, 10),
(105, 71, 3543, '二', 6, 7),
(106, 71, 3543, '四', 2, 2),
(107, 72, 3545, '一', 9, 10),
(108, 72, 3545, '四', 3, 3),
(109, 73, 3547, '四', 9, 10),
(110, 74, 3551, '一', 11, 13),
(111, 75, 3552, '三', 11, 13),
(112, 76, 1259, '四', 6, 6),
(113, 77, 1260, '一', 3, 4),
(114, 77, 1260, '四', 4, 4),
(115, 78, 1261, '一', 6, 6),
(116, 78, 1261, '二', 3, 4),
(117, 79, 1262, '一', 7, 7),
(118, 79, 1262, '四', 7, 8),
(119, 80, 1263, '三', 6, 8),
(120, 81, 1264, '二', 6, 8),
(121, 82, 1265, '二', 9, 10),
(122, 82, 1265, '三', 8, 8),
(123, 83, 1267, '二', 6, 7),
(124, 83, 1267, '三', 2, 2),
(125, 84, 1268, '三', 3, 4),
(126, 85, 1269, '三', 9, 10),
(127, 86, 3543, '二', 6, 7),
(128, 86, 3543, '四', 2, 2),
(129, 87, 3545, '一', 9, 10),
(130, 87, 3545, '四', 3, 3),
(131, 88, 3547, '四', 9, 10),
(132, 89, 3551, '一', 11, 13),
(133, 90, 3552, '三', 11, 13),
(134, 91, 1270, '一', 6, 7),
(135, 91, 1270, '三', 6, 6),
(136, 92, 1271, '二', 6, 7),
(137, 92, 1271, '五', 6, 6),
(138, 93, 1272, '二', 5, 5),
(139, 93, 1272, '三', 5, 5),
(140, 94, 1289, '二', 11, 13),
(141, 95, 1290, '二', 11, 13),
(142, 96, 1291, '四', 4, 4),
(143, 96, 1291, '五', 3, 4),
(144, 97, 1293, '三', 3, 3),
(145, 97, 1293, '四', 8, 9),
(146, 98, 1294, '一', 8, 9),
(147, 99, 1295, '一', 11, 13),
(148, 100, 3548, '二', 8, 10),
(149, 101, 3550, '一', 11, 13),
(150, 102, 3553, '一', 2, 4),
(151, 103, 3555, '一', 9, 10),
(152, 103, 3555, '四', 3, 3),
(153, 104, 3556, '四', 11, 13),
(154, 105, 3637, '五', 2, 4),
(155, 106, 3638, '一', 8, 10),
(156, 107, 1276, '三', 6, 7),
(157, 107, 1276, '四', 6, 6),
(158, 108, 1277, '二', 3, 4),
(159, 108, 1277, '四', 7, 7),
(160, 109, 1278, '二', 5, 5),
(161, 109, 1278, '三', 5, 5),
(162, 110, 1289, '二', 11, 13),
(163, 111, 1290, '二', 11, 13),
(164, 112, 1291, '四', 4, 4),
(165, 112, 1291, '五', 3, 4),
(166, 113, 1293, '三', 3, 3),
(167, 113, 1293, '四', 8, 9),
(168, 114, 1294, '一', 8, 9),
(169, 115, 1295, '一', 11, 13),
(170, 116, 3548, '二', 8, 10),
(171, 117, 3550, '一', 11, 13),
(172, 118, 3553, '一', 2, 4),
(173, 119, 3555, '一', 9, 10),
(174, 119, 3555, '四', 3, 3),
(175, 120, 3556, '四', 11, 13),
(176, 121, 3637, '五', 2, 4),
(177, 122, 3638, '一', 8, 10),
(178, 123, 1279, '一', 3, 4),
(179, 123, 1279, '二', 7, 7),
(180, 124, 1280, '二', 8, 9),
(181, 124, 1280, '三', 7, 7),
(182, 125, 1281, '二', 5, 5),
(183, 125, 1281, '三', 5, 5),
(184, 126, 1289, '二', 11, 13),
(185, 127, 1290, '二', 11, 13),
(186, 128, 1291, '四', 4, 4),
(187, 128, 1291, '五', 3, 4),
(188, 129, 1293, '三', 3, 3),
(189, 129, 1293, '四', 8, 9),
(190, 130, 1294, '一', 8, 9),
(191, 131, 1295, '一', 11, 13),
(192, 132, 3549, '五', 8, 10),
(193, 133, 3550, '一', 11, 13),
(194, 134, 3554, '一', 6, 8),
(195, 135, 3555, '一', 9, 10),
(196, 135, 3555, '四', 3, 3),
(197, 136, 3556, '四', 11, 13),
(198, 137, 3637, '五', 2, 4),
(199, 138, 3638, '一', 8, 10),
(200, 139, 1286, '二', 8, 9),
(201, 139, 1286, '三', 7, 7),
(202, 140, 1287, '二', 7, 7),
(203, 140, 1287, '三', 8, 9),
(204, 141, 1288, '二', 5, 5),
(205, 141, 1288, '三', 5, 5),
(206, 142, 1289, '二', 11, 13),
(207, 143, 1290, '二', 11, 13),
(208, 144, 1291, '四', 4, 4),
(209, 144, 1291, '五', 3, 4),
(210, 145, 1293, '三', 3, 3),
(211, 145, 1293, '四', 8, 9),
(212, 146, 1294, '一', 8, 9),
(213, 147, 1295, '一', 11, 13),
(214, 148, 3549, '五', 8, 10),
(215, 149, 3550, '一', 11, 13),
(216, 150, 3554, '一', 6, 8),
(217, 151, 3555, '一', 9, 10),
(218, 151, 3555, '四', 3, 3),
(219, 152, 3556, '四', 11, 13),
(220, 153, 3637, '五', 2, 4),
(221, 154, 3638, '一', 8, 10),
(222, 155, 1296, '六', 3, 4),
(223, 156, 1298, '一', 0, 0),
(224, 157, 1300, '六', 0, 0),
(225, 158, 1301, '日', 0, 0),
(226, 159, 3557, '五', 9, 10),
(227, 160, 1296, '六', 3, 4),
(228, 161, 1298, '一', 0, 0),
(229, 162, 1300, '六', 0, 0),
(230, 163, 1301, '日', 0, 0),
(231, 164, 3557, '五', 9, 10),
(232, 165, 1296, '六', 3, 4),
(233, 166, 1298, '一', 0, 0),
(234, 167, 1300, '六', 0, 0),
(235, 168, 1301, '日', 0, 0),
(236, 169, 3557, '五', 9, 10),
(237, 170, 1296, '六', 3, 4),
(238, 171, 1298, '一', 0, 0),
(239, 172, 1300, '六', 0, 0),
(240, 173, 1301, '日', 0, 0),
(241, 174, 3557, '五', 9, 10);

--
-- 덤프된 테이블의 인덱스
--

--
-- 테이블의 인덱스 `class`
--
ALTER TABLE `class`
  ADD PRIMARY KEY (`class_id`);

--
-- 테이블의 인덱스 `course`
--
ALTER TABLE `course`
  ADD PRIMARY KEY (`course_id`);

--
-- 테이블의 인덱스 `register`
--
ALTER TABLE `register`
  ADD PRIMARY KEY (`student_id`,`course_id`),
  ADD KEY `course_id` (`course_id`);

--
-- 테이블의 인덱스 `student`
--
ALTER TABLE `student`
  ADD PRIMARY KEY (`student_id`);

--
-- 테이블의 인덱스 `time_table`
--
ALTER TABLE `time_table`
  ADD PRIMARY KEY (`time_id`);

--
-- 덤프된 테이블의 AUTO_INCREMENT
--

--
-- 테이블의 AUTO_INCREMENT `time_table`
--
ALTER TABLE `time_table`
  MODIFY `time_id` int(11) NOT NULL AUTO_INCREMENT, AUTO_INCREMENT=490;

--
-- 덤프된 테이블의 제약사항
--

--
-- 테이블의 제약사항 `register`
--
ALTER TABLE `register`
  ADD CONSTRAINT `register_ibfk_1` FOREIGN KEY (`course_id`) REFERENCES `course` (`course_id`),
  ADD CONSTRAINT `register_ibfk_2` FOREIGN KEY (`student_id`) REFERENCES `student` (`student_id`);
COMMIT;

/*!40101 SET CHARACTER_SET_CLIENT=@OLD_CHARACTER_SET_CLIENT */;
/*!40101 SET CHARACTER_SET_RESULTS=@OLD_CHARACTER_SET_RESULTS */;
/*!40101 SET COLLATION_CONNECTION=@OLD_COLLATION_CONNECTION */;
